date,dayRun,fluidFlag,subNum,attFlag,Tfluid,Pfluid,Qstp,PDrop
2017-07-10,1,1,3,1,24.0,92.9,5.00,27.9
2017-07-10,1,1,3,1,24.0,92.9,5.00,28.1
2017-07-10,1,1,3,1,24.0,92.9,5.00,27.8
2017-07-10,1,1,3,1,24.0,92.7,10.02,91.5
2017-07-10,1,1,3,1,24.0,92.7,10.01,98.1
2017-07-10,1,1,3,1,24.0,92.7,10.00,90.8
2017-07-10,1,1,3,1,24.0,92.5,14.99,181.4
2017-07-10,1,1,3,1,24.0,92.5,15.02,183.3
2017-07-10,1,1,3,1,24.0,92.5,15.03,182.7
2017-07-10,1,1,3,1,23.9,91.4,30.09,624.0
2017-07-10,1,1,3,1,23.9,91.4,30.07,625.0
2017-07-10,1,1,3,1,23.9,91.4,30.07,626.0
2017-07-10,1,1,3,0,24.1,92.9,5.00,23.5
2017-07-10,1,1,3,0,24.1,92.9,4.99,24.1
2017-07-10,1,1,3,0,24.1,92.9,5.00,23.3
2017-07-10,1,1,3,0,24.1,92.7,9.99,77.8
2017-07-10,1,1,3,0,24.1,92.7,9.99,77.2
2017-07-10,1,1,3,0,24.1,92.7,9.98,77.6
2017-07-10,1,1,3,0,24.0,92.5,15.02,156.2
2017-07-10,1,1,3,0,24.0,92.5,15.01,155.1
2017-07-10,1,1,3,0,24.0,92.5,15.02,156.4
2017-07-10,1,1,3,0,24.0,91.5,30.02,535.0
2017-07-10,1,1,3,0,24.0,91.5,30.00,538.0
2017-07-10,1,1,3,0,24.0,91.5,30.01,537.0
2017-07-10,1,1,12,1,24.2,92.8,5.01,65.7
2017-07-10,1,1,12,1,24.2,92.8,5.00,64.4
2017-07-10,1,1,12,1,24.2,92.8,5.00,65.0
2017-07-10,1,1,12,1,24.2,92.5,9.99,214.0
2017-07-10,1,1,12,1,24.2,92.5,10.00,216.0
2017-07-10,1,1,12,1,24.2,92.5,9.99,215.0
2017-07-10,1,1,12,1,24.1,92.1,15.00,438.0
2017-07-10,1,1,12,1,24.1,92.1,14.99,437.0
2017-07-10,1,1,12,1,24.1,92.1,15.00,439.0
2017-07-10,1,1,12,1,24.1,90.5,30.06,1524.0
2017-07-10,1,1,12,1,24.1,90.5,30.01,1521.0
2017-07-10,1,1,12,1,24.1,90.5,30.02,1522.0
2017-07-10,1,1,12,0,24.3,92.8,5.00,55.3
2017-07-10,1,1,12,0,24.3,92.8,5.00,55.0
2017-07-10,1,1,12,0,24.3,92.8,5.00,55.6
2017-07-10,1,1,12,0,24.2,92.5,10.00,184.2
2017-07-10,1,1,12,0,24.2,92.5,9.99,183.3
2017-07-10,1,1,12,0,24.2,92.5,10.00,184.0
2017-07-10,1,1,12,0,24.2,92.2,15.00,375.0
2017-07-10,1,1,12,0,24.2,92.2,14.97,376.0
2017-07-10,1,1,12,0,24.2,92.2,14.99,376.0
2017-07-10,1,1,12,0,24.2,90.7,30.02,1322.0
2017-07-10,1,1,12,0,24.2,,29.97,1323.0
2017-07-10,1,1,12,0,24.2,,30.01,1321.0
2017-07-10,1,1,5,1,24.5,92.8,5.00,30.2
2017-07-10,1,1,5,1,24.5,,5.00,30.9
2017-07-10,1,1,5,1,24.5,,5.00,31.0
2017-07-10,1,1,5,1,24.4,92.6,10.00,97.7
2017-07-10,1,1,5,1,24.4,,9.99,98.3
2017-07-10,1,1,5,1,24.4,,10.01,97.1
2017-07-10,1,1,5,1,24.4,92.4,15.03,194.2
2017-07-10,1,1,5,1,24.4,,15.04,194.7
2017-07-10,1,1,5,1,24.4,,15.05,193.4
2017-07-10,1,1,5,1,24.4,91.3,30.03,660.0
2017-07-10,1,1,5,1,24.4,,29.99,658.0
2017-07-10,1,1,5,1,24.4,,30.08,659.0
2017-07-10,1,1,5,0,24.6,92.8,5.00,27.5
2017-07-10,1,1,5,0,24.6,,5.00,27.7
2017-07-10,1,1,5,0,24.6,,5.00,27.3
2017-07-10,1,1,5,0,24.5,92.6,10.01,86.2
2017-07-10,1,1,5,0,24.5,,9.98,87.8
2017-07-10,1,1,5,0,24.5,,10.00,87.0
2017-07-10,1,1,5,0,24.5,92.4,15.00,171.6
2017-07-10,1,1,5,0,24.5,,14.99,173.9
2017-07-10,1,1,5,0,24.5,,15.00,172.7
2017-07-10,1,1,5,0,24.4,91.3,30.04,589.0
2017-07-10,1,1,5,0,24.4,,30.02,591.0
2017-07-10,1,1,5,0,24.4,,29.99,590.0
2017-07-10,1,1,10,1,24.7,92.8,5.00,31.4
2017-07-10,1,1,10,1,,,5.00,30.8
2017-07-10,1,1,10,1,,,5.01,31.6
2017-07-10,1,1,10,1,24.6,92.6,10.00,99.5
2017-07-10,1,1,10,1,,,10.02,98.7
2017-07-10,1,1,10,1,,,10.01,99.8
2017-07-10,1,1,10,1,24.5,92.3,15.00,201.0
2017-07-10,1,1,10,1,,,15.01,200.0
2017-07-10,1,1,10,1,,,14.98,202.0
2017-07-10,1,1,10,1,24.5,91.2,30.06,688.0
2017-07-10,1,1,10,1,,,30.07,692.0
2017-07-10,1,1,10,1,,,30.03,689.0
2017-07-10,1,1,10,0,24.7,92.8,5.00,23.3
2017-07-10,1,1,10,0,,,5.01,23.9
2017-07-10,1,1,10,0,,,5.00,23.7
2017-07-10,1,1,10,0,24.6,92.6,10.01,77.3
2017-07-10,1,1,10,0,,,10.00,76.8
2017-07-10,1,1,10,0,,,9.99,78.0
2017-07-10,1,1,10,0,24.6,92.4,15.00,158.1
2017-07-10,1,1,10,0,,,15.01,157.9
2017-07-10,1,1,10,0,,,14.98,158.3
2017-07-10,1,1,10,0,24.6,91.3,30.01,567.0
2017-07-10,1,1,10,0,,,29.98,562.0
2017-07-10,1,1,10,0,,,30.07,566.0
2017-07-10,1,1,6,1,25.2,92.8,5.00,27.0
2017-07-10,1,1,6,1,,,5.01,26.9
2017-07-10,1,1,6,1,,,5.00,26.7
2017-07-10,1,1,6,1,25.0,92.6,10.00,83.7
2017-07-10,1,1,6,1,,,10.01,84.8
2017-07-10,1,1,6,1,,,10.00,83.8
2017-07-10,1,1,6,1,25.0,92.3,15.01,168.3
2017-07-10,1,1,6,1,,,15.00,167.8
2017-07-10,1,1,6,1,,,15.00,166.9
2017-07-10,1,1,6,1,24.9,91.3,29.95,603.0
2017-07-10,1,1,6,1,,,30.01,606.0
2017-07-10,1,1,6,1,,,30.04,606.0
2017-07-10,1,1,6,0,25.1,92.8,5.00,23.6
2017-07-10,1,1,6,0,,,4.99,23.1
2017-07-10,1,1,6,0,,,5.00,23.6
2017-07-10,1,1,6,0,25.0,92.6,10.00,74.4
2017-07-10,1,1,6,0,,,9.99,75.1
2017-07-10,1,1,6,0,,,10.00,73.9
2017-07-10,1,1,6,0,24.9,92.3,15.00,148.9
2017-07-10,1,1,6,0,,,14.99,149.0
2017-07-10,1,1,6,0,,,14.99,150.1
2017-07-10,1,1,6,0,24.9,91.3,30.02,544.0
2017-07-10,1,1,6,0,,,30.01,541.0
2017-07-10,1,1,6,0,,,30.04,543.0
2017-07-10,1,1,2,1,25.1,92.8,5.01,36.7
2017-07-10,1,1,2,1,,,5.02,36.5
2017-07-10,1,1,2,1,,,5.02,37.0
2017-07-10,1,1,2,1,25.0,92.5,10.00,117.3
2017-07-10,1,1,2,1,,,9.99,115.2
2017-07-10,1,1,2,1,,,10.01,114.9
2017-07-10,1,1,2,1,24.9,92.3,14.99,228.0
2017-07-10,1,1,2,1,,,14.98,228.0
2017-07-10,1,1,2,1,,,14.96,229.0
2017-07-10,1,1,2,1,24.9,91.1,30.03,793.0
2017-07-10,1,1,2,1,,,29.97,791.0
2017-07-10,1,1,2,1,,,29.99,791.0
2017-07-10,1,1,2,0,25.1,92.8,5.00,31.1
2017-07-10,1,1,2,0,,,4.99,31.4
2017-07-10,1,1,2,0,,,5.00,30.9
2017-07-10,1,1,2,0,25.0,92.5,10.04,100.9
2017-07-10,1,1,2,0,,,10.00,101.2
2017-07-10,1,1,2,0,,,10.01,100.2
2017-07-10,1,1,2,0,24.9,92.3,15.01,203.0
2017-07-10,1,1,2,0,,,15.00,202.0
2017-07-10,1,1,2,0,,,14.99,201.0
2017-07-10,1,1,2,0,24.9,91.2,30.09,722.0
2017-07-10,1,1,2,0,,,30.04,726.0
2017-07-10,1,1,2,0,,,30.13,725.0
2017-07-10,1,1,13,1,25.1,92.8,5.01,14.1
2017-07-10,1,1,13,1,,,5.00,13.7
2017-07-10,1,1,13,1,,,5.00,13.8
2017-07-10,1,1,13,1,25.0,92.6,10.00,42.5
2017-07-10,1,1,13,1,,,10.02,41.8
2017-07-10,1,1,13,1,,,9.99,42.1
2017-07-10,1,1,13,1,25.0,92.4,15.01,85.0
2017-07-10,1,1,13,1,,,15.00,84.8
2017-07-10,1,1,13,1,,,15.02,85.2
2017-07-10,1,1,13,1,24.9,91.6,30.07,305.0
2017-07-10,1,1,13,1,,,30.03,304.0
2017-07-10,1,1,13,1,,,30.09,303.0
2017-07-10,1,1,13,0,25.1,92.8,4.99,11.3
2017-07-10,1,1,13,0,,,5.00,11.3
2017-07-10,1,1,13,0,,,4.99,11.5
2017-07-10,1,1,13,0,25.0,92.6,10.01,36.2
2017-07-10,1,1,13,0,,,10.02,36.8
2017-07-10,1,1,13,0,,,10.00,36.6
2017-07-10,1,1,13,0,25.0,92.4,15.01,75.2
2017-07-10,1,1,13,0,,,15.00,74.1
2017-07-10,1,1,13,0,,,15.04,75.4
2017-07-10,1,1,13,0,24.9,91.6,30.00,264.0
2017-07-10,1,1,13,0,,,29.99,266.0
2017-07-10,1,1,13,0,,,30.02,264.0
2017-07-10,1,1,14,1,25.2,92.7,5.00,35.4
2017-07-10,1,1,14,1,,,5.01,34.8
2017-07-10,1,1,14,1,,,5.00,35.0
2017-07-10,1,1,14,1,25.1,92.5,10.00,106.0
2017-07-10,1,1,14,1,,,10.01,106.3
2017-07-10,1,1,14,1,,,10.00,105.7
2017-07-10,1,1,14,1,25.0,92.3,15.02,211.0
2017-07-10,1,1,14,1,,,15.00,211.0
2017-07-10,1,1,14,1,,,15.02,210.0
2017-07-10,1,1,14,1,24.9,91.2,30.00,722.0
2017-07-10,1,1,14,1,,,29.99,723.0
2017-07-10,1,1,14,1,,,30.00,724.0
2017-07-10,1,1,14,0,25.2,92.7,5.00,28.7
2017-07-10,1,1,14,0,,,5.01,28.8
2017-07-10,1,1,14,0,,,5.00,29.3
2017-07-10,1,1,14,0,25.0,92.5,10.00,88.9
2017-07-10,1,1,14,0,,,9.98,88.8
2017-07-10,1,1,14,0,,,9.97,88.6
2017-07-10,1,1,14,0,25.0,92.0,14.98,177.8
2017-07-10,1,1,14,0,,,14.96,178.0
2017-07-10,1,1,14,0,,,14.97,177.6
2017-07-10,1,1,14,0,24.9,91.3,30.03,621.0
2017-07-10,1,1,14,0,,,30.00,622.0
2017-07-10,1,1,14,0,,,30.01,622.0
2017-07-10,1,1,9,1,24.9,92.7,5.01,84.0
2017-07-10,1,1,9,1,,,5.01,83.6
2017-07-10,1,1,9,1,,,5.02,83.5
2017-07-10,1,1,9,1,24.7,92.4,10.00,290.0
2017-07-10,1,1,9,1,,,9.99,288.0
2017-07-10,1,1,9,1,,,10.00,292.0
2017-07-10,1,1,9,1,24.7,91.9,15.02,612.0
2017-07-10,1,1,9,1,,,15.00,613.0
2017-07-10,1,1,9,1,,,15.01,612.0
2017-07-10,1,1,9,0,24.9,92.8,5.00,73.8
2017-07-10,1,1,9,0,,,4.99,73.9
2017-07-10,1,1,9,0,,,5.00,73.8
2017-07-10,1,1,9,0,24.8,92.4,10.00,261.0
2017-07-10,1,1,9,0,,,9.99,261.0
2017-07-10,1,1,9,0,,,10.00,262.0
2017-07-10,1,1,9,0,24.7,89.8,15.00,556.0
2017-07-10,1,1,9,0,,,14.99,555.0
2017-07-10,1,1,9,0,,,14.98,556.0
2017-07-10,1,1,11,1,24.9,92.8,5.00,29.7
2017-07-10,1,1,11,1,,,5.00,29.9
2017-07-10,1,1,11,1,,,4.99,30.0
2017-07-10,1,1,11,1,24.9,92.6,10.00,97.4
2017-07-10,1,1,11,1,,,9.99,96.9
2017-07-10,1,1,11,1,,,10.01,97.5
2017-07-10,1,1,11,1,24.8,92.3,15.04,202.0
2017-07-10,1,1,11,1,,,15.02,201.0
2017-07-10,1,1,11,1,,,15.01,202.0
2017-07-10,1,1,11,1,24.8,91.2,30.00,731.0
2017-07-10,1,1,11,1,,,29.99,733.0
2017-07-10,1,1,11,1,,,30.02,732.0
2017-07-10,1,1,11,0,25.0,92.8,5.01,28.3
2017-07-10,1,1,11,0,,,5.00,28.2
2017-07-10,1,1,11,0,,,5.01,27.9
2017-07-10,1,1,11,0,24.9,92.6,10.03,92.4
2017-07-10,1,1,11,0,,,10.04,93.1
2017-07-10,1,1,11,0,,,10.04,92.5
2017-07-10,1,1,11,0,24.9,92.3,15.00,190.0
2017-07-10,1,1,11,0,,,15.01,190.5
2017-07-10,1,1,11,0,,,15.01,191.1
2017-07-10,1,1,11,0,24.8,91.2,30.02,696.0
2017-07-10,1,1,11,0,,,30.00,695.0
2017-07-10,1,1,11,0,,,29.98,697.0
2017-07-11,2,1,2,1,23.1,93.2,5.00,36.0
2017-07-11,2,1,2,1,,,5.00,35.6
2017-07-11,2,1,2,1,,,5.00,35.7
2017-07-11,2,1,2,1,,93.0,10.00,114.5
2017-07-11,2,1,2,1,,,10.01,114.2
2017-07-11,2,1,2,1,,,10.00,114.4
2017-07-11,2,1,2,1,,92.8,15.00,226.0
2017-07-11,2,1,2,1,,,15.01,225.0
2017-07-11,2,1,2,1,,,14.99,226.0
2017-07-11,2,1,2,1,,,30.00,790.0
2017-07-11,2,1,2,1,,,29.98,793.0
2017-07-11,2,1,2,1,,,30.01,791.0
2017-07-11,2,1,2,0,,,5.00,30.9
2017-07-11,2,1,2,0,,,5.00,31.0
2017-07-11,2,1,2,0,,,5.00,30.6
2017-07-11,2,1,2,0,,,10.00,100.1
2017-07-11,2,1,2,0,,,10.00,100.4
2017-07-11,2,1,2,0,,,10.00,99.6
2017-07-11,2,1,2,0,,,15.00,200.0
2017-07-11,2,1,2,0,,,15.01,199.7
2017-07-11,2,1,2,0,,,15.00,201.0
2017-07-11,2,1,2,0,,,30.02,720.0
2017-07-11,2,1,2,0,,,30.06,719.0
2017-07-11,2,1,2,0,,,29.99,722.0
2017-07-11,2,1,3,1,,,5.00,28.8
2017-07-11,2,1,3,1,,,4.99,29.0
2017-07-11,2,1,3,1,,,5.00,28.8
2017-07-11,2,1,3,1,,,10.00,91.8
2017-07-11,2,1,3,1,,,10.00,91.6
2017-07-11,2,1,3,1,,,9.99,91.4
2017-07-11,2,1,3,1,,,15.00,183.9
2017-07-11,2,1,3,1,,,14.99,183.8
2017-07-11,2,1,3,1,,,14.98,183.8
2017-07-11,2,1,3,1,,,30.04,640.0
2017-07-11,2,1,3,1,,,30.03,639.0
2017-07-11,2,1,3,1,,,30.05,641.0
2017-07-11,2,1,3,0,,,5.01,24.5
2017-07-11,2,1,3,0,,,5.01,24.7
2017-07-11,2,1,3,0,,,5.01,24.9
2017-07-11,2,1,3,0,,,10.00,78.0
2017-07-11,2,1,3,0,,,10.01,77.8
2017-07-11,2,1,3,0,,,9.99,78.5
2017-07-11,2,1,3,0,,,15.00,156.1
2017-07-11,2,1,3,0,,,14.98,155.8
2017-07-11,2,1,3,0,,,15.00,156.8
2017-07-11,2,1,3,0,,,30.00,544.0
2017-07-11,2,1,3,0,,,30.02,542.0
2017-07-11,2,1,3,0,,,29.99,544.0
2017-07-11,2,1,5,1,,,5.00,30.9
2017-07-11,2,1,5,1,,,5.00,30.3
2017-07-11,2,1,5,1,,,5.00,30.6
2017-07-11,2,1,5,1,,,10.02,98.1
2017-07-11,2,1,5,1,,,10.01,97.3
2017-07-11,2,1,5,1,,,10.01,98.2
2017-07-11,2,1,5,1,,,15.00,193.3
2017-07-11,2,1,5,1,,,14.98,192.4
2017-07-11,2,1,5,1,,,15.00,193.0
2017-07-11,2,1,5,1,,,30.03,663.0
2017-07-11,2,1,5,1,,,30.10,665.0
2017-07-11,2,1,5,1,,,30.03,664.0
2017-07-11,2,1,5,0,,,5.00,27.5
2017-07-11,2,1,5,0,,,4.98,27.6
2017-07-11,2,1,5,0,,,5.01,27.7
2017-07-11,2,1,5,0,,,9.99,87.2
2017-07-11,2,1,5,0,,,10.00,87.2
2017-07-11,2,1,5,0,,,10.00,87.6
2017-07-11,2,1,5,0,,,15.00,173.6
2017-07-11,2,1,5,0,,,14.98,174.4
2017-07-11,2,1,5,0,,,15.00,173.4
2017-07-11,2,1,5,0,,,30.02,601.0
2017-07-11,2,1,5,0,,,30.00,603.0
2017-07-11,2,1,5,0,,,30.02,598.0
2017-07-11,2,1,6,1,,,5.00,27.0
2017-07-11,2,1,6,1,,,5.00,26.8
2017-07-11,2,1,6,1,,,5.00,26.5
2017-07-11,2,1,6,1,,,10.00,83.6
2017-07-11,2,1,6,1,,,9.99,84.5
2017-07-11,2,1,6,1,,,9.98,83.4
2017-07-11,2,1,6,1,,,15.04,167.6
2017-07-11,2,1,6,1,,,15.01,167.0
2017-07-11,2,1,6,1,,,15.01,166.6
2017-07-11,2,1,6,1,,,30.04,611.0
2017-07-11,2,1,6,1,,,30.06,611.0
2017-07-11,2,1,6,1,,,30.04,613.0
2017-07-11,2,1,6,0,,,5.00,23.5
2017-07-11,2,1,6,0,,,5.00,23.1
2017-07-11,2,1,6,0,,,5.00,23.4
2017-07-11,2,1,6,0,,,10.00,73.8
2017-07-11,2,1,6,0,,,10.02,74.0
2017-07-11,2,1,6,0,,,10.00,74.6
2017-07-11,2,1,6,0,,,15.01,148.6
2017-07-11,2,1,6,0,,,15.00,147.9
2017-07-11,2,1,6,0,,,15.00,148.8
2017-07-11,2,1,6,0,,,30.00,540.0
2017-07-11,2,1,6,0,,,30.01,541.0
2017-07-11,2,1,6,0,,,30.03,540.0
2017-07-11,2,1,9,1,,,4.98,81.7
2017-07-11,2,1,9,1,,,5.00,82.1
2017-07-11,2,1,9,1,,,5.00,83.3
2017-07-11,2,1,9,1,,,10.00,288.0
2017-07-11,2,1,9,1,,,9.99,290.0
2017-07-11,2,1,9,1,,,10.01,286.0
2017-07-11,2,1,9,1,,,15.01,603.0
2017-07-11,2,1,9,1,,,14.99,604.0
2017-07-11,2,1,9,1,,,15.00,608.0
2017-07-11,2,1,9,0,,,5.00,73.6
2017-07-11,2,1,9,0,,,4.98,73.6
2017-07-11,2,1,9,0,,,4.99,73.0
2017-07-11,2,1,9,0,,,10.00,262.0
2017-07-11,2,1,9,0,,,9.99,262.0
2017-07-11,2,1,9,0,,,9.99,261.0
2017-07-11,2,1,9,0,,,15.00,556.0
2017-07-11,2,1,9,0,,,14.99,553.0
2017-07-11,2,1,9,0,,,15.00,554.0
2017-07-11,2,1,10,1,,,5.00,32.0
2017-07-11,2,1,10,1,,,5.00,32.7
2017-07-11,2,1,10,1,,,5.00,32.6
2017-07-11,2,1,10,1,,,10.00,100.1
2017-07-11,2,1,10,1,,,10.01,99.8
2017-07-11,2,1,10,1,,,10.02,100.2
2017-07-11,2,1,10,1,,,14.98,200.0
2017-07-11,2,1,10,1,,,15.00,201.0
2017-07-11,2,1,10,1,,,14.99,199.9
2017-07-11,2,1,10,1,,,30.01,714.0
2017-07-11,2,1,10,1,,,29.90,717.0
2017-07-11,2,1,10,1,,,29.97,714.0
2017-07-11,2,1,10,0,,,4.99,23.6
2017-07-11,2,1,10,0,,,5.00,23.5
2017-07-11,2,1,10,0,,,5.00,23.4
2017-07-11,2,1,10,0,,,10.00,77.7
2017-07-11,2,1,10,0,,,9.99,76.1
2017-07-11,2,1,10,0,,,10.02,76.4
2017-07-11,2,1,10,0,,,14.99,156.0
2017-07-11,2,1,10,0,,,15.00,155.8
2017-07-11,2,1,10,0,,,14.98,155.7
2017-07-11,2,1,10,0,,,30.07,576.0
2017-07-11,2,1,10,0,,,29.99,578.0
2017-07-11,2,1,10,0,,,29.90,573.0
2017-07-11,2,1,11,1,,,5.00,29.5
2017-07-11,2,1,11,1,,,5.00,29.9
2017-07-11,2,1,11,1,,,5.00,29.6
2017-07-11,2,1,11,1,,,10.05,97.1
2017-07-11,2,1,11,1,,,10.01,98.2
2017-07-11,2,1,11,1,,,10.02,98.5
2017-07-11,2,1,11,1,,,15.00,203.0
2017-07-11,2,1,11,1,,,15.00,204.0
2017-07-11,2,1,11,1,,,15.01,203.0
2017-07-11,2,1,11,1,,,30.01,724.0
2017-07-11,2,1,11,1,,,30.00,725.0
2017-07-11,2,1,11,1,,,29.99,726.0
2017-07-11,2,1,11,0,,,5.00,27.7
2017-07-11,2,1,11,0,,,5.00,28.1
2017-07-11,2,1,11,0,,,5.00,28.0
2017-07-11,2,1,11,0,,,10.00,91.9
2017-07-11,2,1,11,0,,,10.02,91.4
2017-07-11,2,1,11,0,,,10.01,91.3
2017-07-11,2,1,11,0,,,15.00,194.8
2017-07-11,2,1,11,0,,,15.01,195.4
2017-07-11,2,1,11,0,,,15.02,194.4
2017-07-11,2,1,11,0,,,30.02,694.0
2017-07-11,2,1,11,0,,,30.04,693.0
2017-07-11,2,1,11,0,,,29.98,696.0
2017-07-11,2,1,12,1,,,5.00,66.5
2017-07-11,2,1,12,1,,,5.01,66.3
2017-07-11,2,1,12,1,,,5.01,66.4
2017-07-11,2,1,12,1,,,9.99,214.0
2017-07-11,2,1,12,1,,,10.00,214.0
2017-07-11,2,1,12,1,,,10.00,214.0
2017-07-11,2,1,12,1,,,15.00,442.0
2017-07-11,2,1,12,1,,,15.01,441.0
2017-07-11,2,1,12,1,,,15.00,442.0
2017-07-11,2,1,12,1,,,30.00,1539.0
2017-07-11,2,1,12,1,,,30.01,1534.0
2017-07-11,2,1,12,1,,,30.05,1536.0
2017-07-11,2,1,12,0,,,5.00,54.8
2017-07-11,2,1,12,0,,,4.99,55.0
2017-07-11,2,1,12,0,,,5.00,54.9
2017-07-11,2,1,12,0,,,10.01,182.1
2017-07-11,2,1,12,0,,,10.00,183.1
2017-07-11,2,1,12,0,,,9.99,182.0
2017-07-11,2,1,12,0,,,15.00,370.0
2017-07-11,2,1,12,0,,,15.02,371.0
2017-07-11,2,1,12,0,,,15.03,372.0
2017-07-11,2,1,12,0,,,30.01,1279.0
2017-07-11,2,1,12,0,,,30.02,1276.0
2017-07-11,2,1,12,0,,,30.05,1277.0
2017-07-11,2,1,13,1,,,5.02,13.7
2017-07-11,2,1,13,1,,,5.06,13.2
2017-07-11,2,1,13,1,,,4.98,14.0
2017-07-11,2,1,13,1,,,9.98,42.1
2017-07-11,2,1,13,1,,,9.96,42.2
2017-07-11,2,1,13,1,,,9.98,42.6
2017-07-11,2,1,13,1,,,15.01,87.4
2017-07-11,2,1,13,1,,,14.95,86.7
2017-07-11,2,1,13,1,,,14.99,86.1
2017-07-11,2,1,13,1,,,30.03,305.0
2017-07-11,2,1,13,1,,,30.07,303.0
2017-07-11,2,1,13,1,,,30.00,304.0
2017-07-11,2,1,13,0,,,5.00,11.6
2017-07-11,2,1,13,0,,,5.00,11.5
2017-07-11,2,1,13,0,,,5.00,11.2
2017-07-11,2,1,13,0,,,10.00,36.2
2017-07-11,2,1,13,0,,,10.00,36.3
2017-07-11,2,1,13,0,,,10.00,36.9
2017-07-11,2,1,13,0,,,15.00,75.8
2017-07-11,2,1,13,0,,,15.04,75.7
2017-07-11,2,1,13,0,,,14.99,75.5
2017-07-11,2,1,13,0,,,30.04,263.0
2017-07-11,2,1,13,0,,,30.03,262.0
2017-07-11,2,1,13,0,,,30.05,264.0
2017-07-11,2,1,14,1,,,5.00,34.8
2017-07-11,2,1,14,1,,,5.00,34.8
2017-07-11,2,1,14,1,,,5.00,34.9
2017-07-11,2,1,14,1,,,10.00,105.3
2017-07-11,2,1,14,1,,,10.00,106.2
2017-07-11,2,1,14,1,,,10.00,105.8
2017-07-11,2,1,14,1,,,15.00,210.0
2017-07-11,2,1,14,1,,,15.00,209.0
2017-07-11,2,1,14,1,,,15.00,210.0
2017-07-11,2,1,14,1,,,30.04,731.0
2017-07-11,2,1,14,1,,,30.06,730.0
2017-07-11,2,1,14,1,,,30.03,734.0
2017-07-11,2,1,14,0,,,5.00,28.8
2017-07-11,2,1,14,0,,,5.00,28.9
2017-07-11,2,1,14,0,,,5.00,28.9
2017-07-11,2,1,14,0,,,9.99,88.4
2017-07-11,2,1,14,0,,,10.01,88.2
2017-07-11,2,1,14,0,,,10.01,87.1
2017-07-11,2,1,14,0,,,15.01,176.0
2017-07-11,2,1,14,0,,,15.04,177.1
2017-07-11,2,1,14,0,,,14.99,176.5
2017-07-11,2,1,14,0,,,30.09,609.0
2017-07-11,2,1,14,0,,,30.10,611.0
2017-07-11,2,1,14,0,,,30.00,612.0
2017-07-13,3,1,2,1,,,5.00,34.6
2017-07-13,3,1,2,1,,,5.00,35.0
2017-07-13,3,1,2,1,,,5.00,34.5
2017-07-13,3,1,2,1,,,10.00,112.6
2017-07-13,3,1,2,1,,,10.01,114.1
2017-07-13,3,1,2,1,,,10.00,112.5
2017-07-13,3,1,2,1,,,14.99,221.0
2017-07-13,3,1,2,1,,,15.01,222.0
2017-07-13,3,1,2,1,,,15.00,223.0
2017-07-13,3,1,2,1,,,30.01,768.0
2017-07-13,3,1,2,1,,,30.04,771.0
2017-07-13,3,1,2,1,,,29.94,769.0
2017-07-13,3,1,2,0,,,5.00,29.5
2017-07-13,3,1,2,0,,,4.99,29.3
2017-07-13,3,1,2,0,,,5.00,29.4
2017-07-13,3,1,2,0,,,10.00,98.3
2017-07-13,3,1,2,0,,,10.01,98.1
2017-07-13,3,1,2,0,,,10.00,98.7
2017-07-13,3,1,2,0,,,15.01,197.7
2017-07-13,3,1,2,0,,,15.03,198.2
2017-07-13,3,1,2,0,,,15.00,196.5
2017-07-13,3,1,2,0,,,30.02,691.0
2017-07-13,3,1,2,0,,,30.00,687.0
2017-07-13,3,1,2,0,,,30.09,690.0
2017-07-13,3,1,3,1,,,5.00,27.5
2017-07-13,3,1,3,1,,,5.00,27.4
2017-07-13,3,1,3,1,,,5.00,27.0
2017-07-13,3,1,3,1,,,10.00,90.0
2017-07-13,3,1,3,1,,,10.00,90.1
2017-07-13,3,1,3,1,,,10.00,89.5
2017-07-13,3,1,3,1,,,15.02,182.2
2017-07-13,3,1,3,1,,,15.01,182.9
2017-07-13,3,1,3,1,,,15.00,182.0
2017-07-13,3,1,3,1,,,29.90,610.0
2017-07-13,3,1,3,1,,,30.06,617.0
2017-07-13,3,1,3,1,,,30.00,618.0
2017-07-13,3,1,3,0,,,5.01,23.6
2017-07-13,3,1,3,0,,,5.03,23.8
2017-07-13,3,1,3,0,,,5.02,23.6
2017-07-13,3,1,3,0,,,10.00,76.9
2017-07-13,3,1,3,0,,,10.00,77.0
2017-07-13,3,1,3,0,,,10.01,77.1
2017-07-13,3,1,3,0,,,15.00,157.6
2017-07-13,3,1,3,0,,,15.11,153.0
2017-07-13,3,1,3,0,,,14.95,156.0
2017-07-13,3,1,3,0,,,30.01,525.0
2017-07-13,3,1,3,0,,,30.05,528.0
2017-07-13,3,1,3,0,,,29.99,527.0
2017-07-13,3,1,5,1,,,5.00,30.1
2017-07-13,3,1,5,1,,,5.00,30.3
2017-07-13,3,1,5,1,,,5.00,30.7
2017-07-13,3,1,5,1,,,10.00,95.7
2017-07-13,3,1,5,1,,,9.99,95.6
2017-07-13,3,1,5,1,,,10.00,95.9
2017-07-13,3,1,5,1,,,15.00,192.0
2017-07-13,3,1,5,1,,,14.97,192.6
2017-07-13,3,1,5,1,,,15.03,191.7
2017-07-13,3,1,5,1,,,30.00,639.0
2017-07-13,3,1,5,1,,,30.01,637.0
2017-07-13,3,1,5,1,,,29.96,635.0
2017-07-13,3,1,5,0,,,5.01,26.8
2017-07-13,3,1,5,0,,,5.01,26.7
2017-07-13,3,1,5,0,,,5.02,27.0
2017-07-13,3,1,5,0,,,10.00,86.0
2017-07-13,3,1,5,0,,,10.01,85.3
2017-07-13,3,1,5,0,,,10.00,85.8
2017-07-13,3,1,5,0,,,15.03,173.2
2017-07-13,3,1,5,0,,,15.00,173.5
2017-07-13,3,1,5,0,,,14.98,174.0
2017-07-13,3,1,5,0,,,30.09,585.0
2017-07-13,3,1,5,0,,,30.07,587.0
2017-07-13,3,1,5,0,,,30.14,589.0
2017-07-13,3,1,6,1,,,5.00,26.0
2017-07-13,3,1,6,1,,,5.00,26.1
2017-07-13,3,1,6,1,,,5.01,25.8
2017-07-13,3,1,6,1,,,10.00,82.8
2017-07-13,3,1,6,1,,,10.00,83.0
2017-07-13,3,1,6,1,,,10.01,84.0
2017-07-13,3,1,6,1,,,15.04,169.4
2017-07-13,3,1,6,1,,,15.00,169.8
2017-07-13,3,1,6,1,,,15.03,169.7
2017-07-13,3,1,6,1,,,30.02,594.0
2017-07-13,3,1,6,1,,,29.99,595.0
2017-07-13,3,1,6,1,,,30.00,594.0
2017-07-13,3,1,6,0,,,5.00,22.7
2017-07-13,3,1,6,0,,,5.01,22.5
2017-07-13,3,1,6,0,,,5.00,22.7
2017-07-13,3,1,6,0,,,10.00,73.7
2017-07-13,3,1,6,0,,,10.01,73.9
2017-07-13,3,1,6,0,,,10.03,72.9
2017-07-13,3,1,6,0,,,15.05,149.3
2017-07-13,3,1,6,0,,,14.98,149.5
2017-07-13,3,1,6,0,,,15.02,150.1
2017-07-13,3,1,6,0,,,30.00,532.0
2017-07-13,3,1,6,0,,,30.02,533.0
2017-07-13,3,1,6,0,,,29.98,533.0
2017-07-13,3,1,9,1,,,5.00,81.5
2017-07-13,3,1,9,1,,,4.99,81.0
2017-07-13,3,1,9,1,,,5.00,81.2
2017-07-13,3,1,9,1,,,10.00,287.0
2017-07-13,3,1,9,1,,,9.99,286.0
2017-07-13,3,1,9,1,,,9.98,285.0
2017-07-13,3,1,9,1,,,15.04,612.0
2017-07-13,3,1,9,1,,,15.00,614.0
2017-07-13,3,1,9,1,,,15.02,612.0
2017-07-13,3,1,9,0,,,5.00,73.0
2017-07-13,3,1,9,0,,,4.99,72.0
2017-07-13,3,1,9,0,,,4.98,72.9
2017-07-13,3,1,9,0,,,10.04,263.0
2017-07-13,3,1,9,0,,,10.03,265.0
2017-07-13,3,1,9,0,,,10.02,262.0
2017-07-13,3,1,9,0,,,15.00,562.0
2017-07-13,3,1,9,0,,,14.98,560.0
2017-07-13,3,1,9,0,,,14.96,561.0
2017-07-13,3,1,10,1,,,5.00,31.3
2017-07-13,3,1,10,1,,,5.01,31.9
2017-07-13,3,1,10,1,,,5.00,32.3
2017-07-13,3,1,10,1,,,10.00,99.6
2017-07-13,3,1,10,1,,,10.01,99.0
2017-07-13,3,1,10,1,,,9.98,99.5
2017-07-13,3,1,10,1,,,15.02,204.0
2017-07-13,3,1,10,1,,,15.03,203.0
2017-07-13,3,1,10,1,,,15.01,203.0
2017-07-13,3,1,10,1,,,30.04,692.0
2017-07-13,3,1,10,1,,,30.02,695.0
2017-07-13,3,1,10,1,,,30.00,691.0
2017-07-13,3,1,10,0,,,5.00,23.1
2017-07-13,3,1,10,0,,,5.00,22.9
2017-07-13,3,1,10,0,,,5.01,23.1
2017-07-13,3,1,10,0,,,10.00,77.0
2017-07-13,3,1,10,0,,,10.02,75.7
2017-07-13,3,1,10,0,,,10.01,76.8
2017-07-13,3,1,10,0,,,15.01,158.6
2017-07-13,3,1,10,0,,,15.00,159.7
2017-07-13,3,1,10,0,,,15.01,159.8
2017-07-13,3,1,10,0,,,30.00,558.0
2017-07-13,3,1,10,0,,,30.01,555.0
2017-07-13,3,1,10,0,,,30.04,560.0
2017-07-13,3,1,11,1,,,5.00,28.6
2017-07-13,3,1,11,1,,,5.01,28.7
2017-07-13,3,1,11,1,,,5.00,29.1
2017-07-13,3,1,11,1,,,10.00,96.8
2017-07-13,3,1,11,1,,,10.02,96.6
2017-07-13,3,1,11,1,,,10.04,97.3
2017-07-13,3,1,11,1,,,15.00,200.0
2017-07-13,3,1,11,1,,,15.02,201.0
2017-07-13,3,1,11,1,,,14.97,200.0
2017-07-13,3,1,11,1,,,29.99,720.0
2017-07-13,3,1,11,1,,,30.00,719.0
2017-07-13,3,1,11,1,,,29.95,724.0
2017-07-13,3,1,11,0,,,5.01,26.8
2017-07-13,3,1,11,0,,,4.99,26.9
2017-07-13,3,1,11,0,,,5.02,27.2
2017-07-13,3,1,11,0,,,10.00,91.3
2017-07-13,3,1,11,0,,,10.01,91.9
2017-07-13,3,1,11,0,,,10.01,91.5
2017-07-13,3,1,11,0,,,15.01,191.6
2017-07-13,3,1,11,0,,,15.03,189.9
2017-07-13,3,1,11,0,,,15.00,190.0
2017-07-13,3,1,11,0,,,30.00,681.0
2017-07-13,3,1,11,0,,,29.97,682.0
2017-07-13,3,1,11,0,,,30.01,680.0
2017-07-13,3,1,12,1,,,5.00,64.1
2017-07-13,3,1,12,1,,,5.00,63.9
2017-07-13,3,1,12,1,,,4.99,64.3
2017-07-13,3,1,12,1,,,10.00,212.0
2017-07-13,3,1,12,1,,,9.98,210.0
2017-07-13,3,1,12,1,,,9.99,211.0
2017-07-13,3,1,12,1,,,15.00,432.0
2017-07-13,3,1,12,1,,,15.02,438.0
2017-07-13,3,1,12,1,,,14.94,441.0
2017-07-13,3,1,12,1,,,30.02,1456.0
2017-07-13,3,1,12,1,,,29.99,1448.0
2017-07-13,3,1,12,1,,,30.05,1451.0
2017-07-13,3,1,12,0,,,5.01,55.0
2017-07-13,3,1,12,0,,,5.00,55.3
2017-07-13,3,1,12,0,,,5.01,55.4
2017-07-13,3,1,12,0,,,10.00,184.7
2017-07-13,3,1,12,0,,,9.99,185.0
2017-07-13,3,1,12,0,,,10.00,185.7
2017-07-13,3,1,12,0,,,15.00,383.0
2017-07-13,3,1,12,0,,,15.03,385.0
2017-07-13,3,1,12,0,,,15.01,384.0
2017-07-13,3,1,12,0,,,30.01,1317.0
2017-07-13,3,1,12,0,,,29.98,1313.0
2017-07-13,3,1,12,0,,,30.05,1315.0
2017-07-13,3,1,13,1,,,5.00,13.3
2017-07-13,3,1,13,1,,,5.01,12.6
2017-07-13,3,1,13,1,,,5.00,12.9
2017-07-13,3,1,13,1,,,10.00,42.4
2017-07-13,3,1,13,1,,,9.99,42.0
2017-07-13,3,1,13,1,,,10.00,42.6
2017-07-13,3,1,13,1,,,15.05,86.6
2017-07-13,3,1,13,1,,,14.99,86.3
2017-07-13,3,1,13,1,,,15.05,87.3
2017-07-13,3,1,13,1,,,30.00,301.0
2017-07-13,3,1,13,1,,,29.99,302.0
2017-07-13,3,1,13,1,,,30.04,299.0
2017-07-13,3,1,13,0,,,5.01,10.9
2017-07-13,3,1,13,0,,,5.02,11.1
2017-07-13,3,1,13,0,,,5.02,10.8
2017-07-13,3,1,13,0,,,10.01,35.3
2017-07-13,3,1,13,0,,,10.00,35.8
2017-07-13,3,1,13,0,,,10.00,36.2
2017-07-13,3,1,13,0,,,15.01,75.0
2017-07-13,3,1,13,0,,,15.04,74.8
2017-07-13,3,1,13,0,,,14.99,75.2
2017-07-13,3,1,13,0,,,29.98,261.0
2017-07-13,3,1,13,0,,,30.02,262.0
2017-07-13,3,1,13,0,,,30.01,261.0
2017-07-13,3,1,14,1,,,5.00,33.90
2017-07-13,3,1,14,1,,,4.99,34.10
2017-07-13,3,1,14,1,,,5.00,34.40
2017-07-13,3,1,14,1,,,10.00,106.40
2017-07-13,3,1,14,1,,,9.99,106.60
2017-07-13,3,1,14,1,,,10.00,106.30
2017-07-13,3,1,14,1,,,15.01,213.00
2017-07-13,3,1,14,1,,,14.98,214.00
2017-07-13,3,1,14,1,,,15.01,213.00
2017-07-13,3,1,14,1,,,30.00,717.00
2017-07-13,3,1,14,1,,,29.99,715.00
2017-07-13,3,1,14,1,,,29.98,716.00
2017-07-13,3,1,14,0,,,5.00,27.7
2017-07-13,3,1,14,0,,,4.99,27.8
2017-07-13,3,1,14,0,,,5.00,28.0
2017-07-13,3,1,14,0,,,10.03,88.4
2017-07-13,3,1,14,0,,,10.00,89.1
2017-07-13,3,1,14,0,,,9.97,88.2
2017-07-13,3,1,14,0,,,14.95,178.2
2017-07-13,3,1,14,0,,,14.98,180.3
2017-07-13,3,1,14,0,,,15.03,180.8
2017-07-13,3,1,14,0,,,30.04,609.0
2017-07-13,3,1,14,0,,,30.01,610.0
2017-07-13,3,1,14,0,,,29.91,608.0
2017-07-12,1,2,13,1,,,58.53,11.8
2017-07-12,1,2,13,1,,,58.88,12.1
2017-07-12,1,2,13,1,,,59.11,12.2
2017-07-12,1,2,13,1,,,91.20,31.5
2017-07-12,1,2,13,1,,,91.60,31.9
2017-07-12,1,2,13,1,,,91.80,31.8
2017-07-12,1,2,13,1,,,121.20,64.0
2017-07-12,1,2,13,1,,,121.40,64.4
2017-07-12,1,2,13,1,,,121.50,65.6
2017-07-12,1,2,13,1,,,200.10,218.0
2017-07-12,1,2,13,1,,,200.20,217.0
2017-07-12,1,2,13,1,,,200.00,216.0
2017-07-12,1,2,13,0,,,58.49,10.0
2017-07-12,1,2,13,0,,,58.22,10.1
2017-07-12,1,2,13,0,,,58.16,9.5
2017-07-12,1,2,13,0,,,91.60,26.9
2017-07-12,1,2,13,0,,,91.60,27.0
2017-07-12,1,2,13,0,,,91.70,26.9
2017-07-12,1,2,13,0,,,121.30,55.0
2017-07-12,1,2,13,0,,,121.10,55.1
2017-07-12,1,2,13,0,,,121.20,55.4
2017-07-12,1,2,13,0,,,200.10,188.8
2017-07-12,1,2,13,0,,,200.00,189.7
2017-07-12,1,2,13,0,,,200.30,190.8
2017-07-12,1,2,14,1,,,58.26,27.6
2017-07-12,1,2,14,1,,,58.07,27.8
2017-07-12,1,2,14,1,,,58.14,27.7
2017-07-12,1,2,14,1,,,91.80,82.4
2017-07-12,1,2,14,1,,,91.70,82.2
2017-07-12,1,2,14,1,,,91.80,82.1
2017-07-12,1,2,14,1,,,121.30,168.7
2017-07-12,1,2,14,1,,,120.90,169.2
2017-07-12,1,2,14,1,,,121.20,171.5
2017-07-12,1,2,14,1,,,200.10,557.0
2017-07-12,1,2,14,1,,,199.90,555.0
2017-07-12,1,2,14,1,,,200.00,556.0
2017-07-12,1,2,14,0,,,58.10,22.8
2017-07-12,1,2,14,0,,,58.20,23.1
2017-07-12,1,2,14,0,,,58.00,22.1
2017-07-12,1,2,14,0,,,91.80,66.8
2017-07-12,1,2,14,0,,,91.90,67.2
2017-07-12,1,2,14,0,,,91.70,67.1
2017-07-12,1,2,14,0,,,121.40,139.7
2017-07-12,1,2,14,0,,,121.50,139.2
2017-07-12,1,2,14,0,,,121.40,140.0
2017-07-12,1,2,14,0,,,200.10,460.0
2017-07-12,1,2,14,0,,,200.00,463.0
2017-07-12,1,2,14,0,,,200.10,461.0
2017-07-12,1,2,10,1,,,58.05,23.4
2017-07-12,1,2,10,1,,,58.18,23.8
2017-07-12,1,2,10,1,,,58.25,23.5
2017-07-12,1,2,10,1,,,91.60,81.1
2017-07-12,1,2,10,1,,,91.50,81.7
2017-07-12,1,2,10,1,,,91.90,82.6
2017-07-12,1,2,10,1,,,121.30,168.3
2017-07-12,1,2,10,1,,,121.50,167.3
2017-07-12,1,2,10,1,,,121.20,168.5
2017-07-12,1,2,10,1,,,200.20,561.0
2017-07-12,1,2,10,1,,,200.00,562.0
2017-07-12,1,2,10,1,,,200.30,561.0
2017-07-12,1,2,10,0,,,58.03,17.9
2017-07-12,1,2,10,0,,,58.05,18.0
2017-07-12,1,2,10,0,,,58.22,18.1
2017-07-12,1,2,10,0,,,91.50,60.3
2017-07-12,1,2,10,0,,,91.90,61.0
2017-07-12,1,2,10,0,,,91.80,61.3
2017-07-12,1,2,10,0,,,121.30,128.6
2017-07-12,1,2,10,0,,,121.40,129.5
2017-07-12,1,2,10,0,,,121.70,128.9
2017-07-12,1,2,10,0,,,200.10,442.0
2017-07-12,1,2,10,0,,,200.60,448.0
2017-07-12,1,2,10,0,,,200.00,447.0
2017-07-12,1,2,9,1,,,58.06,57.8
2017-07-12,1,2,9,1,,,58.09,57.7
2017-07-12,1,2,9,1,,,58.09,57.3
2017-07-12,1,2,9,1,,,91.60,206.0
2017-07-12,1,2,9,1,,,91.80,205.0
2017-07-12,1,2,9,1,,,91.70,205.0
2017-07-12,1,2,9,1,,,120.90,451.0
2017-07-12,1,2,9,1,,,121.60,449.0
2017-07-12,1,2,9,1,,,121.40,452.0
2017-07-12,1,2,9,1,,,200.80,1761.0
2017-07-12,1,2,9,1,,,200.10,1762.0
2017-07-12,1,2,9,1,,,200.50,1757.0
2017-07-12,1,2,9,0,,,58.08,49.7
2017-07-12,1,2,9,0,,,58.15,49.1
2017-07-12,1,2,9,0,,,58.04,48.9
2017-07-12,1,2,9,0,,,91.80,175.0
2017-07-12,1,2,9,0,,,91.70,174.8
2017-07-12,1,2,9,0,,,91.50,174.9
2017-07-12,1,2,9,0,,,121.40,380.0
2017-07-12,1,2,9,0,,,121.30,379.0
2017-07-12,1,2,9,0,,,120.90,388.0
2017-07-12,1,2,9,0,,,200.00,1518.0
2017-07-12,1,2,9,0,,,199.60,1526.0
2017-07-12,1,2,9,0,,,200.10,1528.0
2017-07-12,1,2,11,1,,,58.03,21.7
2017-07-12,1,2,11,1,,,58.04,21.5
2017-07-12,1,2,11,1,,,58.09,21.5
2017-07-12,1,2,11,1,,,91.50,72.3
2017-07-12,1,2,11,1,,,91.70,72.5
2017-07-12,1,2,11,1,,,91.50,72.1
2017-07-12,1,2,11,1,,,121.40,156.6
2017-07-12,1,2,11,1,,,120.80,157.0
2017-07-12,1,2,11,1,,,121.30,157.1
2017-07-12,1,2,11,1,,,200.30,569.0
2017-07-12,1,2,11,1,,,199.00,571.0
2017-07-12,1,2,11,1,,,201.50,572.0
2017-07-12,1,2,11,0,,,58.07,19.9
2017-07-12,1,2,11,0,,,58.14,19.5
2017-07-12,1,2,11,0,,,58.15,19.2
2017-07-12,1,2,11,0,,,91.80,63.4
2017-07-12,1,2,11,0,,,91.70,63.8
2017-07-12,1,2,11,0,,,91.80,63.6
2017-07-12,1,2,11,0,,,121.40,136.6
2017-07-12,1,2,11,0,,,121.20,135.9
2017-07-12,1,2,11,0,,,121.30,136.2
2017-07-12,1,2,11,0,,,199.80,486.0
2017-07-12,1,2,11,0,,,200.10,488.0
2017-07-12,1,2,11,0,,,200.20,491.0
2017-07-14,1,2,12,1,,,58.06,51.3
2017-07-14,1,2,12,1,,,58.19,50.9
2017-07-14,1,2,12,1,,,58.07,51.0
2017-07-14,1,2,12,1,,,91.70,174.9
2017-07-14,1,2,12,1,,,91.60,172.8
2017-07-14,1,2,12,1,,,91.70,174.3
2017-07-14,1,2,12,1,,,121.00,371.0
2017-07-14,1,2,12,1,,,121.20,374.0
2017-07-14,1,2,12,1,,,121.50,373.0
2017-07-14,1,2,12,1,,,200.00,1379.0
2017-07-14,1,2,12,1,,,200.10,1381.0
2017-07-14,1,2,12,1,,,200.40,1380.0
2017-07-14,1,2,12,0,,,58.08,43.3
2017-07-14,1,2,12,0,,,58.18,43.1
2017-07-14,1,2,12,0,,,58.01,43.0
2017-07-14,1,2,12,0,,,91.70,144.5
2017-07-14,1,2,12,0,,,91.70,146.7
2017-07-14,1,2,12,0,,,91.60,146.0
2017-07-14,1,2,12,0,,,121.30,311.0
2017-07-14,1,2,12,0,,,121.40,312.0
2017-07-14,1,2,12,0,,,121.20,312.0
2017-07-14,1,2,12,0,,,200.30,1163.0
2017-07-14,1,2,12,0,,,200.10,1160.0
2017-07-14,1,2,12,0,,,200.20,1158.0
2017-07-14,1,2,2,1,,,58.10,25.8
2017-07-14,1,2,2,1,,,58.02,25.4
2017-07-14,1,2,2,1,,,58.03,25.6
2017-07-14,1,2,2,1,,,91.90,85.5
2017-07-14,1,2,2,1,,,91.80,86.1
2017-07-14,1,2,2,1,,,91.70,85.9
2017-07-14,1,2,2,1,,,121.30,173.9
2017-07-14,1,2,2,1,,,121.00,175.0
2017-07-14,1,2,2,1,,,121.50,174.3
2017-07-14,1,2,2,1,,,200.20,586.0
2017-07-14,1,2,2,1,,,200.10,585.0
2017-07-14,1,2,2,1,,,200.10,584.0
2017-07-14,1,2,2,0,,,58.02,21.8
2017-07-14,1,2,2,0,,,58.13,22.0
2017-07-14,1,2,2,0,,,58.03,21.1
2017-07-14,1,2,2,0,,,91.90,74.0
2017-07-14,1,2,2,0,,,92.00,73.9
2017-07-14,1,2,2,0,,,91.80,73.1
2017-07-14,1,2,2,0,,,121.40,149.6
2017-07-14,1,2,2,0,,,121.30,150.2
2017-07-14,1,2,2,0,,,121.30,150.7
2017-07-14,1,2,2,0,,,200.10,523.0
2017-07-14,1,2,2,0,,,200.00,518.0
2017-07-14,1,2,2,0,,,200.20,516.0
2017-07-14,1,2,3,1,,,58.02,22.6
2017-07-14,1,2,3,1,,,58.04,22.2
2017-07-14,1,2,3,1,,,58.03,22.3
2017-07-14,1,2,3,1,,,91.80,70.5
2017-07-14,1,2,3,1,,,91.70,71.1
2017-07-14,1,2,3,1,,,91.70,69.7
2017-07-14,1,2,3,1,,,121.50,141.0
2017-07-14,1,2,3,1,,,121.40,140.8
2017-07-14,1,2,3,1,,,121.30,140.9
2017-07-14,1,2,3,1,,,200.40,481.0
2017-07-14,1,2,3,1,,,200.10,477.0
2017-07-14,1,2,3,1,,,200.20,478.0
2017-07-14,1,2,3,0,,,58.07,18.6
2017-07-14,1,2,3,0,,,58.03,18.5
2017-07-14,1,2,3,0,,,58.06,18.3
2017-07-14,1,2,3,0,,,91.90,59.3
2017-07-14,1,2,3,0,,,91.80,60.0
2017-07-14,1,2,3,0,,,92.00,59.6
2017-07-14,1,2,3,0,,,121.30,118.3
2017-07-14,1,2,3,0,,,121.40,117.5
2017-07-14,1,2,3,0,,,121.30,117.7
2017-07-14,1,2,3,0,,,200.20,404.0
2017-07-14,1,2,3,0,,,200.00,406.0
2017-07-14,1,2,3,0,,,199.90,405.0
2017-07-14,1,2,5,1,,,58.08,23.9
2017-07-14,1,2,5,1,,,58.07,24.1
2017-07-14,1,2,5,1,,,58.06,23.4
2017-07-14,1,2,5,1,,,91.70,74.2
2017-07-14,1,2,5,1,,,91.60,74.9
2017-07-14,1,2,5,1,,,91.90,74.6
2017-07-14,1,2,5,1,,,121.70,151.2
2017-07-14,1,2,5,1,,,121.60,151.1
2017-07-14,1,2,5,1,,,121.60,151.1
2017-07-14,1,2,5,1,,,200.10,503.0
2017-07-14,1,2,5,1,,,200.30,500.0
2017-07-14,1,2,5,1,,,199.90,501.0
2017-07-14,1,2,5,0,,,58.05,20.0
2017-07-14,1,2,5,0,,,58.06,20.1
2017-07-14,1,2,5,0,,,58.10,19.9
2017-07-14,1,2,5,0,,,91.80,65.3
2017-07-14,1,2,5,0,,,91.70,65.6
2017-07-14,1,2,5,0,,,91.80,64.7
2017-07-14,1,2,5,0,,,121.40,132.0
2017-07-14,1,2,5,0,,,121.30,132.5
2017-07-14,1,2,5,0,,,121.40,131.9
2017-07-14,1,2,5,0,,,200.00,447.0
2017-07-14,1,2,5,0,,,200.10,446.0
2017-07-14,1,2,5,0,,,200.30,447.0
2017-07-14,1,2,6,1,,,58.03,19.0
2017-07-14,1,2,6,1,,,58.10,19.0
2017-07-14,1,2,6,1,,,58.19,18.8
2017-07-14,1,2,6,1,,,91.60,68.1
2017-07-14,1,2,6,1,,,91.50,68.4
2017-07-14,1,2,6,1,,,91.70,68.0
2017-07-14,1,2,6,1,,,121.40,145.0
2017-07-14,1,2,6,1,,,121.20,145.3
2017-07-14,1,2,6,1,,,121.10,145.4
2017-07-14,1,2,6,1,,,200.10,498.0
2017-07-14,1,2,6,1,,,200.20,499.0
2017-07-14,1,2,6,1,,,199.80,500.0
2017-07-14,1,2,6,0,,,58.07,15.8
2017-07-14,1,2,6,0,,,58.19,15.7
2017-07-14,1,2,6,0,,,58.15,16.2
2017-07-14,1,2,6,0,,,91.60,57.2
2017-07-14,1,2,6,0,,,91.80,58.4
2017-07-14,1,2,6,0,,,91.50,58.3
2017-07-14,1,2,6,0,,,121.50,125.7
2017-07-14,1,2,6,0,,,121.40,125.9
2017-07-14,1,2,6,0,,,121.30,125.2
2017-07-14,1,2,6,0,,,200.10,439.0
2017-07-14,1,2,6,0,,,200.10,438.0
2017-07-14,1,2,6,0,,,200.10,439.0
2017-08-10,2,2,3,1,,,58.02,22.9
2017-08-10,2,2,3,1,,,58.05,23.1
2017-08-10,2,2,3,1,,,58.07,23.2
2017-08-10,2,2,3,1,,,91.90,70.5
2017-08-10,2,2,3,1,,,91.80,70.0
2017-08-10,2,2,3,1,,,91.70,70.2
2017-08-10,2,2,3,1,,,121.30,139.6
2017-08-10,2,2,3,1,,,121.10,139.0
2017-08-10,2,2,3,1,,,121.10,139.5
2017-08-10,2,2,3,1,,,200.10,481.0
2017-08-10,2,2,3,1,,,200.20,483.0
2017-08-10,2,2,3,1,,,200.10,482.0
2017-08-10,2,2,3,0,,,58.05,19.6
2017-08-10,2,2,3,0,,,58.06,19.9
2017-08-10,2,2,3,0,,,58.16,19.5
2017-08-10,2,2,3,0,,,91.80,59.9
2017-08-10,2,2,3,0,,,91.90,59.3
2017-08-10,2,2,3,0,,,91.80,59.6
2017-08-10,2,2,3,0,,,121.50,119.1
2017-08-10,2,2,3,0,,,121.30,119.7
2017-08-10,2,2,3,0,,,121.40,120.4
2017-08-10,2,2,3,0,,,200.10,407.0
2017-08-10,2,2,3,0,,,200.20,404.0
2017-08-10,2,2,3,0,,,199.80,406.0
2017-08-10,2,2,5,1,,,58.05,24.2
2017-08-10,2,2,5,1,,,58.08,24.8
2017-08-10,2,2,5,1,,,58.07,24.6
2017-08-10,2,2,5,1,,,91.80,75.9
2017-08-10,2,2,5,1,,,91.70,75.5
2017-08-10,2,2,5,1,,,91.80,75.3
2017-08-10,2,2,5,1,,,121.40,151.0
2017-08-10,2,2,5,1,,,121.30,150.4
2017-08-10,2,2,5,1,,,121.50,151.0
2017-08-10,2,2,5,1,,,200.00,498.0
2017-08-10,2,2,5,1,,,200.20,498.0
2017-08-10,2,2,5,1,,,199.80,496.0
2017-08-10,2,2,5,0,,,58.14,21.1
2017-08-10,2,2,5,0,,,58.07,21.0
2017-08-10,2,2,5,0,,,58.14,20.7
2017-08-10,2,2,5,0,,,91.90,67.9
2017-08-10,2,2,5,0,,,92.00,67.8
2017-08-10,2,2,5,0,,,92.00,67.4
2017-08-10,2,2,5,0,,,121.40,135.8
2017-08-10,2,2,5,0,,,121.50,135.0
2017-08-10,2,2,5,0,,,121.30,134.7
2017-08-10,2,2,5,0,,,199.90,450.0
2017-08-10,2,2,5,0,,,200.40,451.0
2017-08-10,2,2,5,0,,,200.10,447.0
2017-08-08,2,2,6,1,,,58.10,20.1
2017-08-08,2,2,6,1,,,58.03,20.0
2017-08-08,2,2,6,1,,,58.04,19.9
2017-08-08,2,2,6,1,,,91.80,75.3
2017-08-08,2,2,6,1,,,91.70,74.1
2017-08-08,2,2,6,1,,,91.50,74.7
2017-08-08,2,2,6,1,,,121.40,163.2
2017-08-08,2,2,6,1,,,121.30,163.0
2017-08-08,2,2,6,1,,,121.40,162.7
2017-08-08,2,2,6,1,,,200.10,542.0
2017-08-08,2,2,6,1,,,200.00,543.0
2017-08-08,2,2,6,1,,,200.00,542.0
2017-08-08,2,2,6,0,,,58.13,17.2
2017-08-08,2,2,6,0,,,58.11,17.4
2017-08-08,2,2,6,0,,,58.02,17.2
2017-08-08,2,2,6,0,,,90.90,65.5
2017-08-08,2,2,6,0,,,92.00,64.9
2017-08-08,2,2,6,0,,,92.10,64.8
2017-08-08,2,2,6,0,,,121.30,138.6
2017-08-08,2,2,6,0,,,121.30,140.1
2017-08-08,2,2,6,0,,,121.30,139.3
2017-08-08,2,2,6,0,,,200.20,471.0
2017-08-08,2,2,6,0,,,200.10,470.0
2017-08-08,2,2,6,0,,,200.30,470.0
2017-08-08,2,2,2,1,,,58.02,25.3
2017-08-08,2,2,2,1,,,58.06,25.4
2017-08-08,2,2,2,1,,,58.04,24.9
2017-08-08,2,2,2,1,,,91.70,84.8
2017-08-08,2,2,2,1,,,91.60,85.0
2017-08-08,2,2,2,1,,,91.50,84.9
2017-08-08,2,2,2,1,,,121.50,175.1
2017-08-08,2,2,2,1,,,121.20,174.1
2017-08-08,2,2,2,1,,,121.30,174.5
2017-08-08,2,2,2,1,,,200.20,585.0
2017-08-08,2,2,2,1,,,200.10,584.0
2017-08-08,2,2,2,1,,,200.10,583.0
2017-08-08,2,2,2,0,,,58.02,21.3
2017-08-08,2,2,2,0,,,58.05,21.4
2017-08-08,2,2,2,0,,,58.18,21.6
2017-08-08,2,2,2,0,,,91.80,73.2
2017-08-08,2,2,2,0,,,91.70,72.2
2017-08-08,2,2,2,0,,,91.70,72.6
2017-08-08,2,2,2,0,,,121.40,148.7
2017-08-08,2,2,2,0,,,121.20,147.7
2017-08-08,2,2,2,0,,,120.90,149.1
2017-08-08,2,2,2,0,,,200.00,518.0
2017-08-08,2,2,2,0,,,200.10,517.0
2017-08-08,2,2,2,0,,,200.20,521.0
2017-08-10,2,2,9,1,,,58.00,55.3
2017-08-10,2,2,9,1,,,58.06,54.6
2017-08-10,2,2,9,1,,,58.07,55.1
2017-08-10,2,2,9,1,,,91.80,193.8
2017-08-10,2,2,9,1,,,91.70,193.6
2017-08-10,2,2,9,1,,,91.80,194.3
2017-08-10,2,2,9,1,,,121.40,418.0
2017-08-10,2,2,9,1,,,121.20,418.0
2017-08-10,2,2,9,1,,,121.10,417.0
2017-08-10,2,2,9,1,,,200.10,1618.0
2017-08-10,2,2,9,1,,,199.90,1621.0
2017-08-10,2,2,9,1,,,200.00,1617.0
2017-08-10,2,2,9,0,,,58.05,49.8
2017-08-10,2,2,9,0,,,58.02,48.9
2017-08-10,2,2,9,0,,,58.11,49.2
2017-08-10,2,2,9,0,,,91.90,172.4
2017-08-10,2,2,9,0,,,91.70,172.7
2017-08-10,2,2,9,0,,,91.80,171.8
2017-08-10,2,2,9,0,,,121.30,373.0
2017-08-10,2,2,9,0,,,121.40,371.0
2017-08-10,2,2,9,0,,,121.20,372.0
2017-08-10,2,2,9,0,,,200.10,1489.0
2017-08-10,2,2,9,0,,,200.30,1485.0
2017-08-10,2,2,9,0,,,200.00,1488.0
2017-08-10,2,2,10,1,,,58.06,23.8
2017-08-10,2,2,10,1,,,58.13,23.7
2017-08-10,2,2,10,1,,,58.03,23.9
2017-08-10,2,2,10,1,,,91.50,82.5
2017-08-10,2,2,10,1,,,91.60,82.6
2017-08-10,2,2,10,1,,,91.70,83.4
2017-08-10,2,2,10,1,,,121.20,174.2
2017-08-10,2,2,10,1,,,121.40,173.6
2017-08-10,2,2,10,1,,,121.30,172.6
2017-08-10,2,2,10,1,,,200.10,562.0
2017-08-10,2,2,10,1,,,200.20,562.0
2017-08-10,2,2,10,1,,,200.10,564.0
2017-08-10,2,2,10,0,,,58.00,18.2
2017-08-10,2,2,10,0,,,58.10,18.1
2017-08-10,2,2,10,0,,,58.06,18.3
2017-08-10,2,2,10,0,,,91.80,59.1
2017-08-10,2,2,10,0,,,91.70,58.8
2017-08-10,2,2,10,0,,,91.50,60.1
2017-08-10,2,2,10,0,,,121.60,128.0
2017-08-10,2,2,10,0,,,121.50,127.9
2017-08-10,2,2,10,0,,,121.40,127.9
2017-08-10,2,2,10,0,,,199.90,434.0
2017-08-10,2,2,10,0,,,200.00,435.0
2017-08-10,2,2,10,0,,,200.00,435.0
2017-08-10,2,2,11,1,,,58.01,20.5
2017-08-10,2,2,11,1,,,58.04,20.4
2017-08-10,2,2,11,1,,,58.06,20.7
2017-08-10,2,2,11,1,,,91.90,68.2
2017-08-10,2,2,11,1,,,91.80,66.6
2017-08-10,2,2,11,1,,,91.80,67.3
2017-08-10,2,2,11,1,,,121.40,143.1
2017-08-10,2,2,11,1,,,121.30,142.7
2017-08-10,2,2,11,1,,,121.40,143.5
2017-08-10,2,2,11,1,,,200.00,505.0
2017-08-10,2,2,11,1,,,200.20,507.0
2017-08-10,2,2,11,1,,,200.10,508.0
2017-08-10,2,2,11,0,,,58.05,19.2
2017-08-10,2,2,11,0,,,58.02,19.6
2017-08-10,2,2,11,0,,,58.06,19.4
2017-08-10,2,2,11,0,,,91.90,62.4
2017-08-10,2,2,11,0,,,91.70,63.5
2017-08-10,2,2,11,0,,,91.80,63.7
2017-08-10,2,2,11,0,,,121.70,136.4
2017-08-10,2,2,11,0,,,121.80,135.7
2017-08-10,2,2,11,0,,,121.60,136.8
2017-08-10,2,2,11,0,,,200.10,478.0
2017-08-10,2,2,11,0,,,200.40,480.0
2017-08-10,2,2,11,0,,,200.00,479.0
2017-08-10,2,2,12,1,,,58.09,48.5
2017-08-10,2,2,12,1,,,58.04,48.4
2017-08-10,2,2,12,1,,,58.10,48.6
2017-08-10,2,2,12,1,,,91.80,162.2
2017-08-10,2,2,12,1,,,91.80,161.4
2017-08-10,2,2,12,1,,,91.50,160.7
2017-08-10,2,2,12,1,,,121.30,336.0
2017-08-10,2,2,12,1,,,121.10,335.0
2017-08-10,2,2,12,1,,,121.00,335.0
2017-08-10,2,2,12,1,,,200.00,1221.0
2017-08-10,2,2,12,1,,,200.10,1222.0
2017-08-10,2,2,12,1,,,199.90,1223.0
2017-08-10,2,2,12,0,,,58.03,40.5
2017-08-10,2,2,12,0,,,58.09,40.1
2017-08-10,2,2,12,0,,,58.12,40.2
2017-08-10,2,2,12,0,,,91.90,135.7
2017-08-10,2,2,12,0,,,92.00,135.8
2017-08-10,2,2,12,0,,,91.70,134.8
2017-08-10,2,2,12,0,,,121.50,288.0
2017-08-10,2,2,12,0,,,121.60,290.0
2017-08-10,2,2,12,0,,,121.50,289.0
2017-08-10,2,2,12,0,,,200.10,1045.0
2017-08-10,2,2,12,0,,,200.00,1044.0
2017-08-10,2,2,12,0,,,200.20,1043.0
2017-08-11,2,2,13,1,,,58.09,11.3
2017-08-11,2,2,13,1,,,58.12,11.7
2017-08-11,2,2,13,1,,,58.16,11.4
2017-08-11,2,2,13,1,,,91.90,32.5
2017-08-11,2,2,13,1,,,91.80,31.8
2017-08-11,2,2,13,1,,,91.70,32.3
2017-08-11,2,2,13,1,,,121.50,66.0
2017-08-11,2,2,13,1,,,121.40,65.9
2017-08-11,2,2,13,1,,,121.20,65.7
2017-08-11,2,2,13,1,,,199.70,212.0
2017-08-11,2,2,13,1,,,200.50,213.0
2017-08-11,2,2,13,1,,,200.40,211.0
2017-08-11,2,2,13,0,,,58.09,9.1
2017-08-11,2,2,13,0,,,58.06,9.5
2017-08-11,2,2,13,0,,,58.11,9.7
2017-08-11,2,2,13,0,,,92.00,26.8
2017-08-11,2,2,13,0,,,91.90,27.0
2017-08-11,2,2,13,0,,,92.10,26.5
2017-08-11,2,2,13,0,,,121.50,54.8
2017-08-11,2,2,13,0,,,121.50,54.1
2017-08-11,2,2,13,0,,,121.40,54.0
2017-08-11,2,2,13,0,,,200.10,179.8
2017-08-11,2,2,13,0,,,200.00,180.2
2017-08-11,2,2,13,0,,,199.90,180.3
2017-07-11,2,2,14,0,,,58.12,24.3
2017-07-11,2,2,14,0,,,58.23,24.7
2017-07-11,2,2,14,0,,,58.23,24.5
2017-07-11,2,2,14,0,,,91.80,69.9
2017-07-11,2,2,14,0,,,92.00,68.8
2017-07-11,2,2,14,0,,,91.90,70.1
2017-07-11,2,2,14,0,,,120.70,138.0
2017-07-11,2,2,14,0,,,121.50,143.5
2017-07-11,2,2,14,0,,,121.40,144.0
2017-07-11,2,2,14,0,,,200.50,475.0
2017-07-11,2,2,14,0,,,200.30,474.0
2017-07-11,2,2,14,0,,,200.10,475.0
2017-07-11,2,2,14,1,,,57.98,29.4
2017-07-11,2,2,14,1,,,58.08,29.1
2017-07-11,2,2,14,1,,,58.13,29.6
2017-07-11,2,2,14,1,,,91.00,83.1
2017-07-11,2,2,14,1,,,90.90,83.3
2017-07-11,2,2,14,1,,,90.80,84.2
2017-07-11,2,2,14,1,,,121.00,171.7
2017-07-11,2,2,14,1,,,120.90,171.9
2017-07-11,2,2,14,1,,,120.80,171.3
2017-07-11,2,2,14,1,,,199.60,569.0
2017-07-11,2,2,14,1,,,199.30,569.0
2017-07-11,2,2,14,1,,,199.10,567.0
2017-08-11,3,2,2,1,,,58.03,25.8
2017-08-11,3,2,2,1,,,58.06,25.4
2017-08-11,3,2,2,1,,,58.07,26.0
2017-08-11,3,2,2,1,,,91.80,86.2
2017-08-11,3,2,2,1,,,91.70,87.5
2017-08-11,3,2,2,1,,,91.80,86.4
2017-08-11,3,2,2,1,,,121.60,177.6
2017-08-11,3,2,2,1,,,121.50,176.8
2017-08-11,3,2,2,1,,,121.40,177.2
2017-08-11,3,2,2,1,,,200.10,592.0
2017-08-11,3,2,2,1,,,200.20,589.0
2017-08-11,3,2,2,1,,,200.10,592.0
2017-08-11,3,2,2,0,,,58.08,21.7
2017-08-11,3,2,2,0,,,58.07,21.6
2017-08-11,3,2,2,0,,,58.10,21.6
2017-08-11,3,2,2,0,,,91.80,73.9
2017-08-11,3,2,2,0,,,91.90,74.7
2017-08-11,3,2,2,0,,,91.80,75.4
2017-08-11,3,2,2,0,,,121.40,152.9
2017-08-11,3,2,2,0,,,121.50,153.0
2017-08-11,3,2,2,0,,,121.50,152.3
2017-08-11,3,2,2,0,,,200.30,526.0
2017-08-11,3,2,2,0,,,200.40,525.0
2017-08-11,3,2,2,0,,,200.30,527.0
2017-08-11,3,2,3,1,,,58.01,22.3
2017-08-11,3,2,3,1,,,58.02,22.4
2017-08-11,3,2,3,1,,,58.02,22.0
2017-08-11,3,2,3,1,,,91.70,70.0
2017-08-11,3,2,3,1,,,91.80,71.0
2017-08-11,3,2,3,1,,,91.90,70.9
2017-08-11,3,2,3,1,,,121.40,142.5
2017-08-11,3,2,3,1,,,121.30,142.7
2017-08-11,3,2,3,1,,,121.40,142.6
2017-08-11,3,2,3,1,,,200.20,488.0
2017-08-11,3,2,3,1,,,200.30,487.0
2017-08-11,3,2,3,1,,,200.10,488.0
2017-08-11,3,2,3,0,,,58.08,19.3
2017-08-11,3,2,3,0,,,58.20,18.9
2017-08-11,3,2,3,0,,,57.78,18.7
2017-08-11,3,2,3,0,,,91.80,59.2
2017-08-11,3,2,3,0,,,91.90,59.6
2017-08-11,3,2,3,0,,,91.80,60.3
2017-08-11,3,2,3,0,,,121.40,117.6
2017-08-11,3,2,3,0,,,121.30,117.9
2017-08-11,3,2,3,0,,,121.40,118.2
2017-08-11,3,2,3,0,,,200.10,403.0
2017-08-11,3,2,3,0,,,200.20,405.0
2017-08-11,3,2,3,0,,,200.00,404.0
2017-08-11,3,2,5,1,,,58.06,23.5
2017-08-11,3,2,5,1,,,58.04,23.6
2017-08-11,3,2,5,1,,,58.09,23.8
2017-08-11,3,2,5,1,,,91.90,74.0
2017-08-11,3,2,5,1,,,92.00,75.2
2017-08-11,3,2,5,1,,,91.90,74.7
2017-08-11,3,2,5,1,,,121.50,148.5
2017-08-11,3,2,5,1,,,121.50,148.9
2017-08-11,3,2,5,1,,,121.30,149.3
2017-08-11,3,2,5,1,,,200.10,497.0
2017-08-11,3,2,5,1,,,200.30,496.0
2017-08-11,3,2,5,1,,,200.40,496.0
2017-08-11,3,2,5,0,,,58.07,20.3
2017-08-11,3,2,5,0,,,57.98,20.1
2017-08-11,3,2,5,0,,,58.00,20.3
2017-08-11,3,2,5,0,,,91.90,66.6
2017-08-11,3,2,5,0,,,91.80,66.9
2017-08-11,3,2,5,0,,,91.90,66.4
2017-08-11,3,2,5,0,,,121.40,134.5
2017-08-11,3,2,5,0,,,121.20,134.4
2017-08-11,3,2,5,0,,,121.60,135.6
2017-08-11,3,2,5,0,,,200.10,448.0
2017-08-11,3,2,5,0,,,199.50,450.0
2017-08-11,3,2,5,0,,,200.30,447.0
2017-08-11,3,2,6,1,,,58.08,19.4
2017-08-11,3,2,6,1,,,58.09,19.6
2017-08-11,3,2,6,1,,,58.10,19.2
2017-08-11,3,2,6,1,,,91.50,71.1
2017-08-11,3,2,6,1,,,91.60,71.6
2017-08-11,3,2,6,1,,,91.70,70.6
2017-08-11,3,2,6,1,,,121.50,153.9
2017-08-11,3,2,6,1,,,121.40,153.7
2017-08-11,3,2,6,1,,,121.50,154.2
2017-08-11,3,2,6,1,,,200.20,520.0
2017-08-11,3,2,6,1,,,200.00,521.0
2017-08-11,3,2,6,1,,,199.90,520.0
2017-08-11,3,2,6,0,,,58.08,16.8
2017-08-11,3,2,6,0,,,58.06,16.8
2017-08-11,3,2,6,0,,,58.12,16.4
2017-08-11,3,2,6,0,,,91.80,61.0
2017-08-11,3,2,6,0,,,91.70,61.3
2017-08-11,3,2,6,0,,,91.30,61.1
2017-08-11,3,2,6,0,,,121.60,132.6
2017-08-11,3,2,6,0,,,121.50,132.3
2017-08-11,3,2,6,0,,,121.50,132.5
2017-08-11,3,2,6,0,,,200.20,454.0
2017-08-11,3,2,6,0,,,200.30,452.0
2017-08-11,3,2,6,0,,,199.80,452.0
2017-08-11,3,2,9,1,,,58.08,53.9
2017-08-11,3,2,9,1,,,58.06,54.3
2017-08-11,3,2,9,1,,,58.07,54.7
2017-08-11,3,2,9,1,,,91.80,198.1
2017-08-11,3,2,9,1,,,91.40,194.1
2017-08-11,3,2,9,1,,,91.50,195.0
2017-08-11,3,2,9,1,,,121.50,420.0
2017-08-11,3,2,9,1,,,121.20,421.0
2017-08-11,3,2,9,1,,,121.50,419.0
2017-08-11,3,2,9,1,,,200.20,1640.0
2017-08-11,3,2,9,1,,,200.00,1643.0
2017-08-11,3,2,9,1,,,199.90,1645.0
2017-08-11,3,2,9,0,,,58.06,50.7
2017-08-11,3,2,9,0,,,58.25,50.4
2017-08-11,3,2,9,0,,,58.43,50.9
2017-08-11,3,2,9,0,,,91.90,179.1
2017-08-11,3,2,9,0,,,91.70,179.8
2017-08-11,3,2,9,0,,,91.60,178.8
2017-08-11,3,2,9,0,,,121.40,402.0
2017-08-11,3,2,9,0,,,121.90,401.0
2017-08-11,3,2,9,0,,,122.10,402.0
2017-08-11,3,2,9,0,,,200.00,1570.0
2017-08-11,3,2,9,0,,,200.40,1573.0
2017-08-11,3,2,9,0,,,199.50,1569.0
2017-08-11,3,2,10,1,,,58.05,23.6
2017-08-11,3,2,10,1,,,58.02,24.0
2017-08-11,3,2,10,1,,,58.07,23.7
2017-08-11,3,2,10,1,,,121.20,176.3
2017-08-11,3,2,10,1,,,121.40,173.4
2017-08-11,3,2,10,1,,,121.30,172.8
2017-08-11,3,2,10,1,,,91.80,85.5
2017-08-11,3,2,10,1,,,91.90,85.3
2017-08-11,3,2,10,1,,,92.00,85.3
2017-08-11,3,2,10,1,,,200.20,580.0
2017-08-11,3,2,10,1,,,200.30,582.0
2017-08-11,3,2,10,1,,,200.10,583.0
2017-08-11,3,2,10,0,,,58.08,18.3
2017-08-11,3,2,10,0,,,58.05,18.2
2017-08-11,3,2,10,0,,,58.12,18.5
2017-08-11,3,2,10,0,,,91.70,60.8
2017-08-11,3,2,10,0,,,91.60,60.7
2017-08-11,3,2,10,0,,,91.30,60.6
2017-08-11,3,2,10,0,,,121.60,131.1
2017-08-11,3,2,10,0,,,121.60,130.7
2017-08-11,3,2,10,0,,,121.60,131.6
2017-08-11,3,2,10,0,,,200.40,448.0
2017-08-11,3,2,10,0,,,200.10,449.0
2017-08-11,3,2,10,0,,,200.20,448.0
2017-08-11,3,2,11,1,,,58.09,19.9
2017-08-11,3,2,11,1,,,58.09,20.2
2017-08-11,3,2,11,1,,,58.16,20.4
2017-08-11,3,2,11,1,,,91.80,67.4
2017-08-11,3,2,11,1,,,91.70,66.9
2017-08-11,3,2,11,1,,,91.80,66.3
2017-08-11,3,2,11,1,,,121.50,143.7
2017-08-11,3,2,11,1,,,121.60,143.3
2017-08-11,3,2,11,1,,,121.70,144.1
2017-08-11,3,2,11,1,,,200.10,504.0
2017-08-11,3,2,11,1,,,199.70,499.0
2017-08-11,3,2,11,1,,,200.00,501.0
2017-08-11,3,2,11,0,,,58.08,19.1
2017-08-11,3,2,11,0,,,58.06,18.7
2017-08-11,3,2,11,0,,,58.05,18.8
2017-08-11,3,2,11,0,,,91.80,62.8
2017-08-11,3,2,11,0,,,91.90,63.0
2017-08-11,3,2,11,0,,,91.70,63.2
2017-08-11,3,2,11,0,,,121.50,135.3
2017-08-11,3,2,11,0,,,121.60,136.4
2017-08-11,3,2,11,0,,,121.40,135.2
2017-08-11,3,2,11,0,,,200.00,476.0
2017-08-11,3,2,11,0,,,200.10,479.0
2017-08-11,3,2,11,0,,,199.90,476.0
2017-08-11,3,2,12,1,,,58.06,54.7
2017-08-11,3,2,12,1,,,58.09,54.1
2017-08-11,3,2,12,1,,,58.01,53.8
2017-08-11,3,2,12,1,,,91.60,190.1
2017-08-11,3,2,12,1,,,91.40,189.7
2017-08-11,3,2,12,1,,,91.90,192.2
2017-08-11,3,2,12,1,,,121.50,419.0
2017-08-11,3,2,12,1,,,121.40,420.0
2017-08-11,3,2,12,1,,,121.30,418.0
2017-08-11,3,2,12,1,,,200.30,1554.0
2017-08-11,3,2,12,1,,,200.00,1558.0
2017-08-11,3,2,12,1,,,199.60,1556.0
2017-08-11,3,2,12,0,,,58.51,44.9
2017-08-11,3,2,12,0,,,57.86,46.0
2017-08-11,3,2,12,0,,,58.13,45.7
2017-08-11,3,2,12,0,,,91.70,160.7
2017-08-11,3,2,12,0,,,91.50,161.7
2017-08-11,3,2,12,0,,,91.60,161.6
2017-08-11,3,2,12,0,,,121.60,352.0
2017-08-11,3,2,12,0,,,121.40,354.0
2017-08-11,3,2,12,0,,,121.50,353.0
2017-08-11,3,2,12,0,,,200.00,1314.0
2017-08-11,3,2,12,0,,,199.90,1317.0
2017-08-11,3,2,12,0,,,200.30,1316.0
2017-08-11,3,2,13,1,,,58.07,9.9
2017-08-11,3,2,13,1,,,58.15,10.1
2017-08-11,3,2,13,1,,,58.09,9.8
2017-08-11,3,2,13,1,,,91.90,30.8
2017-08-11,3,2,13,1,,,92.00,30.3
2017-08-11,3,2,13,1,,,91.90,30.9
2017-08-11,3,2,13,1,,,121.50,62.9
2017-08-11,3,2,13,1,,,121.40,63.5
2017-08-11,3,2,13,1,,,121.40,63.2
2017-08-11,3,2,13,1,,,200.00,210.0
2017-08-11,3,2,13,1,,,200.30,211.0
2017-08-11,3,2,13,1,,,200.20,210.0
2017-08-11,3,2,13,0,,,58.01,8.0
2017-08-11,3,2,13,0,,,58.06,8.5
2017-08-11,3,2,13,0,,,58.07,8.3
2017-08-11,3,2,13,0,,,91.90,25.6
2017-08-11,3,2,13,0,,,91.80,25.7
2017-08-11,3,2,13,0,,,91.90,25.3
2017-08-11,3,2,13,0,,,121.50,53.6
2017-08-11,3,2,13,0,,,121.60,53.4
2017-08-11,3,2,13,0,,,121.50,53.3
2017-08-11,3,2,13,0,,,200.20,179.5
2017-08-11,3,2,13,0,,,200.00,179.7
2017-08-11,3,2,13,0,,,200.10,180.4
2017-08-11,3,2,14,1,,,58.05,26.2
2017-08-11,3,2,14,1,,,58.05,26.4
2017-08-11,3,2,14,1,,,58.10,26.2
2017-08-11,3,2,14,1,,,91.90,80.0
2017-08-11,3,2,14,1,,,91.60,80.7
2017-08-11,3,2,14,1,,,91.80,81.1
2017-08-11,3,2,14,1,,,121.40,170.7
2017-08-11,3,2,14,1,,,121.40,170.3
2017-08-11,3,2,14,1,,,121.40,170.3
2017-08-11,3,2,14,1,,,200.10,548.0
2017-08-11,3,2,14,1,,,200.20,547.0
2017-08-11,3,2,14,1,,,200.10,550.0
2017-08-11,3,2,14,0,,,58.10,21.7
2017-08-11,3,2,14,0,,,58.05,21.3
2017-08-11,3,2,14,0,,,58.02,21.6
2017-08-11,3,2,14,0,,,91.90,65.8
2017-08-11,3,2,14,0,,,91.80,66.1
2017-08-11,3,2,14,0,,,91.90,66.0
2017-08-11,3,2,14,0,,,121.60,140.2
2017-08-11,3,2,14,0,,,121.70,139.2
2017-08-11,3,2,14,0,,,121.60,140.7
2017-08-11,3,2,14,0,,,200.00,458.0
2017-08-11,3,2,14,0,,,200.10,457.0
2017-08-11,3,2,14,0,,,200.00,456.0
